id,nome,email,telefone,data_registro
68805,Maria Laura Casa Grande,ksiqueira@example.com,41 9035-3368,2022-04-16
51194,Rafael da Luz,thalessampaio@example.net,51 5699 7705,2022-11-28
54755,Ryan da Luz,theobarbosa@example.org,+55 61 1722-1997,2021-03-14
71698,Kevin Sales,imendes@example.net,0300-170-1430,2020-06-05
91369,Maria Julia da Costa,bernardo97@example.com,+55 81 6612 2344,2020-06-09
9834,Larissa Mendes,hcardoso@example.com,51 0708 0881,2024-02-14
18577,Miguel Souza,tjesus@example.com,+55 21 3251 5072,2024-01-17
27810,Ana Sophia Camargo,ifogaca@example.com,84 3278 4520,2020-06-17
86808,Luna da Costa,pintoravi@example.com,(081) 2827 0213,2023-05-10
93525,Heloisa Cavalcante,luiza60@example.org,+55 61 8028-3261,2022-11-02
48163,Fernando Cavalcanti,danilo19@example.net,51 6333 3739,2024-08-21
36406,Bárbara Vasconcelos,luiz-felipepimenta@example.org,+55 81 3593-1104,2020-02-29
15795,Maya Cunha,da-cruzmaria-alice@example.org,+55 (051) 4438-6995,2021-08-02
9873,Luigi Melo,carolinecostela@example.org,+55 41 9408 7231,2020-09-11
40255,Maria Julia Nogueira,franciscomontenegro@example.org,(081) 5108-9009,2022-02-21
99404,Ana Sophia Nunes,pastorgiovanna@example.org,(041) 3128-4457,2022-05-13
63773,Cauã Caldeira,yanpacheco@example.org,84 4349-1431,2024-03-15
60535,Ravi Lucca da Mota,mpires@example.net,+55 (041) 3899-1651,2022-12-05
8824,Ana Beatriz Mendes,leandroda-luz@example.com,+55 (011) 4017-5944,2024-05-25
28180,Dr. Miguel Gomes,valentimvasconcelos@example.com,21 3614-7378,2023-06-16
77241,Fernando Pinto,rochagael-henrique@example.org,31 0429-8304,2023-03-29
83164,Antonella Santos,yan66@example.com,51 8955 1021,2020-12-18
12654,Melina Cavalcanti,gustavosiqueira@example.com,(021) 2239-1922,2024-03-22
7493,Maria Laura Sampaio,roliveira@example.org,11 5276-7989,2023-06-22
29613,Hadassa Viana,vsousa@example.com,(051) 5501-9248,2020-09-19
15692,Srta. Isabelly Souza,hellenaaparecida@example.org,31 3345 9839,2024-08-23
63533,Bruno Azevedo,goncalvesjulia@example.net,+55 11 3331-4360,2023-08-07
79278,Maria Júlia Marques,da-rosayan@example.com,(051) 1618-5647,2023-08-25
99025,Aylla Dias,sda-paz@example.net,+55 (061) 8848-2847,2020-06-20
91385,Dr. Igor Viana,novaismelina@example.net,31 0234 9975,2024-10-08
35796,Juliana Andrade,cfogaca@example.net,(061) 3704 4256,2023-09-29
64081,Juan Farias,josue12@example.org,+55 (051) 9805-9911,2020-08-12
59639,Alícia da Luz,wgarcia@example.net,0800-961-5158,2022-12-05
5892,Amanda Vieira,siqueiraolivia@example.net,61 9255 9777,2020-05-09
78522,Olívia Mendonça,kcassiano@example.com,0500-124-9077,2024-07-07
52485,Sra. Maitê das Neves,dabreu@example.org,71 5507-5525,2024-08-19
67268,Miguel Aragão,luarada-rosa@example.net,(081) 5574 0461,2021-02-17
82677,Isabel Vargas,ynunes@example.com,(081) 2342 3488,2020-04-18
73734,Davi Luiz Mendonça,pintoana-cecilia@example.org,31 0263 0172,2024-04-05
44978,Vicente Cavalcanti,andraderaquel@example.net,81 0993-3491,2021-08-28
84613,José Vasconcelos,ceciliamelo@example.net,+55 (061) 0598 9838,2020-01-02
51009,Maitê Pires,pastormaria-julia@example.net,(041) 7364-2019,2020-10-23
16356,Ana Lívia da Cunha,jrezende@example.com,+55 (051) 3478-7049,2021-01-12
56198,Dra. Beatriz Marques,wpacheco@example.org,+55 51 3139 4518,2024-02-24
90314,Mirella Lopes,paulo57@example.net,+55 51 9720 3122,2023-10-23
19037,Gustavo Brito,caioaragao@example.net,+55 71 2810-4764,2021-02-26
95328,Isabella Peixoto,albuquerquejose@example.com,+55 84 1515 7590,2024-08-19
66022,Nicolas Duarte,melissa67@example.net,0500 263 9932,2022-01-28
16292,João Gabriel Cardoso,eda-costa@example.com,+55 (021) 1913-3012,2022-06-17
94673,Marcela Borges,isaque07@example.org,(071) 5526-9177,2023-07-26
29871,Breno Castro,joao-felipeteixeira@example.com,(041) 1998-4314,2020-12-22
13408,Joana das Neves,maria-juliapereira@example.org,31 8122 7108,2022-06-06
46788,Ravy Vargas,wgoncalves@example.com,84 1006-7049,2022-10-27
82359,João Gabriel Andrade,teixeiravalentina@example.com,+55 (071) 3392-8218,2022-03-29
90185,Nathan Macedo,aragaocamila@example.org,+55 (031) 7095-5560,2024-03-01
39132,Antônio da Cruz,joao-pedro46@example.org,+55 (071) 8606-7905,2021-02-21
91372,Luana da Mota,isaac35@example.net,84 1553 8987,2021-04-30
71605,Aurora Pires,manuella01@example.net,61 3708-6414,2021-02-03
8571,Ana Julia Fonseca,davi-luizmendes@example.com,+55 61 8578-8839,2023-05-25
71224,Breno Gomes,ana-laurasilveira@example.net,(021) 6964-7637,2022-02-09
42460,Melissa Santos,mbarbosa@example.com,+55 (084) 3603-1910,2024-09-07
91032,Ana Carolina Pires,mendoncamaite@example.net,(061) 8498 4543,2023-11-07
20337,Dr. Vitor Gabriel Machado,liam98@example.com,84 1175 3863,2021-07-14
56681,Daniel Ferreira,maria-fernanda12@example.org,+55 31 0040-7519,2024-08-16
84131,Pedro Lucas Nogueira,spires@example.org,0300 342 4132,2020-12-27
25391,Nicole Aparecida,sofia85@example.net,0300-574-5463,2022-03-14
87736,Benjamim Teixeira,esther55@example.net,+55 (071) 5678 3176,2022-04-22
12143,Maria Júlia Vasconcelos,rebecanovaes@example.com,+55 (021) 4740 5141,2023-11-17
46682,João Guilherme Cassiano,alvesjoao@example.net,51 4912 8151,2021-05-29
14070,Emanuel Montenegro,correiaana-clara@example.com,+55 71 1175-8031,2021-11-02
46674,Sr. Carlos Eduardo Brito,leoalbuquerque@example.com,61 7825 0169,2024-01-26
1890,Dra. Ester Mendes,brayan47@example.org,(051) 7919-4257,2023-09-04
23962,Maya Pacheco,rvargas@example.com,+55 (071) 4941-8859,2022-01-20
73307,Fernando da Rocha,kda-conceicao@example.net,51 1282 6066,2023-04-30
14121,Thales Brito,limabianca@example.org,+55 11 6691-5979,2024-07-25
44928,Sra. Mariah Moraes,maria-laura36@example.com,0900-086-9190,2022-07-29
32794,Alexia da Rocha,vcirino@example.com,71 4921 1051,2023-07-26
54692,Vitória Novaes,joao-lucas31@example.net,+55 (071) 2521 0914,2020-02-29
83982,Emanuella Mendonça,ana92@example.org,0300-553-7035,2020-06-14
85923,José Miguel Siqueira,dazevedo@example.net,71 2695 2074,2024-04-25
63163,Isaac Fogaça,joseda-rosa@example.net,(084) 3971-9778,2023-07-06
41105,Pietra Azevedo,luisada-luz@example.org,+55 (061) 0108 1068,2021-05-21
38536,Sr. Diego Mendonça,cassianobrenda@example.org,0300 443 8917,2022-02-26
83848,Sophie Aparecida,jbarros@example.org,(084) 6341 5535,2021-11-04
43720,Lunna Aparecida,gomesfernando@example.org,+55 (011) 3172-1863,2020-07-07
46822,Luiz Otávio da Cunha,ian99@example.org,+55 (081) 2183 9390,2024-07-07
44221,Brenda Teixeira,zazevedo@example.org,(041) 1058-8688,2020-03-28
62371,Brenda Peixoto,ana-livia61@example.com,+55 (061) 8394 0030,2024-07-28
28480,João Gabriel da Conceição,portoanna-liz@example.net,61 0715-1555,2022-04-07
53428,Sr. Bento Ribeiro,luiz-felipepires@example.net,(021) 1358 8189,2021-01-23
41514,Anthony Gabriel Souza,cavalcantemathias@example.org,+55 (061) 5484 9215,2023-04-11
66405,Lavínia Pereira,cecilia76@example.net,(031) 7554 3951,2024-09-13
52467,Nicolas Oliveira,bryan08@example.com,+55 (021) 4863 0258,2024-10-12
48789,Ayla Pinto,zoesiqueira@example.org,81 5833-5123,2021-12-07
92994,Lara Fonseca,pietro38@example.org,+55 51 6249 3105,2023-11-19
56532,Fernanda da Paz,ufonseca@example.org,0300 640 9615,2021-11-30
92020,Sr. Vinicius Campos,dcorreia@example.org,(021) 4946 0248,2022-03-29
27773,Isabella Casa Grande,isaque02@example.com,(021) 5075-0101,2021-10-11
48923,Rael Cassiano,aurora70@example.org,(081) 2962 2234,2020-07-16
73301,Sr. Enzo Gabriel Montenegro,isis02@example.org,+55 11 2136 1013,2020-01-13
43261,Anna Liz Azevedo,kamillypinto@example.net,+55 (084) 9858-2310,2021-07-16
88848,João Felipe Jesus,milena37@example.com,84 0936 2609,2022-06-14
1184,Ana Lívia Fernandes,novaesdavi-lucas@example.net,+55 (084) 4604-7825,2022-03-01
81954,Elisa Nunes,natalia38@example.com,81 1830 9844,2022-03-25
53066,Sra. Allana da Luz,enzo56@example.org,11 8918-2807,2022-09-26
41057,Maria Luísa Rocha,gustavo-henrique82@example.org,81 0763 6966,2023-12-29
23697,José Pedro Costela,nda-costa@example.org,0800-866-1296,2022-01-31
28354,Valentim Garcia,krios@example.net,+55 31 1537 2670,2020-07-07
19656,Clarice Nascimento,pastorsophia@example.net,+55 84 8294-1498,2022-07-20
76777,Nathan da Luz,azevedojose@example.org,11 2658-4697,2022-11-14
80331,Dr. Raul Jesus,alicia62@example.org,11 2934-3715,2024-09-25
12806,Raquel Casa Grande,joana88@example.org,+55 81 3538-3592,2023-09-15
39637,Stella Lopes,xda-mata@example.net,+55 (084) 2175-0071,2020-11-28
28804,Ana Clara da Cunha,inunes@example.org,84 7287 0533,2020-11-16
4167,Mariah Peixoto,albuquerquehellena@example.org,71 1330 9727,2024-08-15
28811,Lara Monteiro,gcunha@example.org,+55 31 5381-5788,2022-05-09
76843,Alícia Aragão,saantonio@example.net,0800 430 3575,2024-07-15
55460,Pedro Miguel Castro,da-pazotto@example.net,+55 31 6236-7612,2022-02-17
46555,Yuri Nunes,laviniarios@example.com,11 7572 3012,2021-08-12
37338,Leonardo Sá,aaraujo@example.com,0900-855-9681,2023-02-26
85675,Dr. Renan Peixoto,maria-sophiada-cunha@example.org,(061) 2728-7469,2023-01-20
8028,Levi Viana,mmoura@example.org,(084) 5112 6092,2022-01-30
43073,Arthur Gabriel Santos,zcasa-grande@example.org,0500 029 8072,2021-09-13
72140,Mariah Viana,ana-lizcaldeira@example.com,41 3871 6848,2020-02-04
88631,Dra. Emanuella Ferreira,marina12@example.net,(021) 9582 3211,2020-05-02
61278,Cauê Siqueira,melissa39@example.net,21 7414 8293,2021-06-11
64839,Dr. Gustavo Montenegro,agathajesus@example.com,+55 (011) 9724-6421,2022-11-19
99170,Sr. Murilo Vasconcelos,samaria-luisa@example.org,+55 (021) 1637-1557,2021-04-08
55992,Luiz Otávio Moura,pnunes@example.com,+55 84 7126 8410,2021-09-27
10093,Emanuel Cassiano,yurifogaca@example.net,0300-934-7588,2022-11-22
82954,Matheus Vasconcelos,aviana@example.net,11 3277 2625,2021-05-20
48183,Liz Camargo,mariah65@example.com,+55 (071) 2295-9464,2020-04-17
81005,Ana Julia das Neves,jose-miguelribeiro@example.com,+55 71 7521-5479,2022-05-30
34020,Sophia Camargo,rhavi16@example.net,81 9020-6685,2020-01-10
87553,Letícia Gonçalves,melinacavalcante@example.com,11 9198 2505,2023-06-15
50103,Brayan Pereira,isantos@example.com,41 4142-7431,2022-04-05
73164,Levi da Mota,uleao@example.org,+55 (041) 7538-2525,2020-12-25
9550,Maria Laura Pinto,monteiroester@example.net,+55 41 3885 0544,2023-12-22
4374,Theodoro Silveira,helenamoura@example.com,(041) 8179-6622,2020-08-10
55568,Dr. José Vasconcelos,danielnovais@example.net,+55 11 5566 8076,2020-10-16
33163,Sr. João Miguel Barbosa,melissa59@example.net,+55 (061) 8848-4913,2024-01-24
81894,Sabrina Montenegro,brunalima@example.com,+55 21 5913 0896,2023-10-31
23065,Enrico Nunes,drios@example.net,+55 41 7283-7406,2022-03-31
11362,Benício Almeida,ana-juliabarros@example.org,+55 81 1563-6859,2022-01-04
34199,Breno Farias,thales23@example.org,+55 61 4749-1664,2023-07-01
79247,Ester Câmara,mendestheodoro@example.com,+55 11 3986 5877,2021-10-21
61139,Benjamim Pires,frezende@example.com,+55 (031) 1270-1912,2024-08-28
12181,Lucas Gonçalves,guilherme70@example.org,+55 (084) 3564-5021,2024-03-07
325,Clarice Silveira,juan93@example.org,81 8477 5085,2021-01-25
44264,Eduardo Cavalcanti,maria-ceciliaalmeida@example.com,(031) 6956-7974,2021-02-01
95146,Sr. Ian Almeida,gda-rocha@example.com,+55 71 0106-4970,2023-10-19
92959,Samuel das Neves,benjamimmachado@example.com,+55 84 8308-8424,2021-03-10
76775,Júlia Cavalcante,sampaioelisa@example.com,81 4870-4132,2020-02-26
59892,Gael Fonseca,fonsecarael@example.org,(081) 5194-5395,2023-12-29
82299,Mirella Sá,olivia94@example.org,31 0686-0989,2022-09-11
18385,Gabriel Vasconcelos,martinsisabela@example.com,0300-931-2673,2021-12-02
71531,André Montenegro,barbosabryan@example.org,+55 (051) 3227-3266,2023-07-26
34363,Yasmin da Mata,jesusgabriel@example.org,(071) 1260-4272,2021-06-07
39138,Gael Martins,azevedoayla@example.com,81 4868-5448,2023-08-28
30942,Lucas Gabriel Leão,pereiralucas@example.org,81 6179-4250,2020-10-07
59965,Yuri Pires,ravi41@example.net,(021) 0610 4877,2020-06-24
36625,Ana Júlia Aragão,sophie86@example.com,(071) 7318-6487,2023-08-20
36217,Stella Cavalcante,beatrizsilva@example.com,+55 (084) 9885-5761,2023-03-18
78826,João Felipe Pacheco,xaparecida@example.net,71 3267-4886,2020-03-02
78321,Luara Nunes,camargokamilly@example.com,+55 (081) 7324 0005,2021-04-25
59041,Natália Viana,ecassiano@example.com,(071) 9036 3757,2021-10-21
3660,Enzo Cunha,cirinomelissa@example.net,+55 (061) 7991 2233,2021-03-18
548,Benjamim Rezende,diegopinto@example.org,+55 11 1180-1480,2023-07-31
65842,Raquel Sousa,meloana-julia@example.org,41 9159 1232,2024-04-11
35495,Clarice Macedo,luna35@example.net,+55 51 6572 4405,2022-01-04
94008,Hellena da Cruz,hda-rocha@example.org,71 1179 5973,2023-08-26
88388,Vitor Gabriel Albuquerque,alima@example.com,0900 252 1950,2021-04-10
94754,Ana Laura Fonseca,ana-lauraguerra@example.org,21 2308-0653,2023-07-19
45171,Hadassa Cunha,sousalais@example.org,(084) 1710 0680,2023-04-06
41072,Kevin Costa,larissa62@example.org,+55 51 8089 2000,2021-04-15
88617,Esther Macedo,marinarezende@example.com,+55 81 9085-0105,2022-12-10
30040,Maria Isis Dias,silveiradavi-miguel@example.com,+55 (061) 7357 6181,2020-09-04
56156,Dr. Heitor Ramos,saramonteiro@example.com,+55 71 2662 7706,2021-03-04
20781,Luiz Fernando Freitas,yurimoura@example.net,81 7477 8535,2020-02-05
14862,Sr. Enrico Moura,fernandacardoso@example.com,84 5789-1032,2021-12-11
38624,Dr. Davi Fonseca,joao-pedrocavalcanti@example.com,61 1984 4245,2024-05-21
22345,André Carvalho,luiz-fernandocosta@example.org,+55 11 8273 9936,2024-08-10
72017,Dom Cassiano,da-cruzmatheus@example.org,(031) 6917-1001,2022-05-25
9827,Srta. Ana Carolina Fogaça,da-cruzmanuela@example.net,(084) 4391-6539,2020-08-01
27979,João Guilherme Macedo,azevedolucca@example.com,(021) 7868 0966,2021-10-11
1567,Arthur Miguel Garcia,luana16@example.com,71 1729 6152,2022-04-12
17726,Rafael Mendonça,luana85@example.org,+55 (011) 2768 1416,2022-10-06
70153,Dra. Maria Luiza Jesus,barbosabianca@example.net,41 1639 2277,2020-05-08
45435,Thales Farias,raquellima@example.org,(084) 9586 5994,2020-11-13
11704,Maria Eduarda Rios,wlima@example.com,61 8355-6489,2021-10-09
33037,Dra. Isabela Souza,jsampaio@example.net,(031) 1634 9102,2023-06-07
60610,Aylla Alves,klopes@example.org,+55 81 0578 6594,2020-07-11
38222,Ian Rezende,anthony-gabriel22@example.org,31 4608-2679,2021-09-17
75963,Igor Novaes,clopes@example.net,+55 (051) 6706-7140,2021-05-07
20951,Antony Moura,garciaallana@example.org,+55 (041) 6597-0549,2022-05-06
31639,Marcelo da Cruz,alveslorena@example.com,21 9265-3306,2022-08-14
2776,Ana Cecília Farias,raelpires@example.org,(031) 6875-9780,2023-03-04
49748,Letícia Moura,da-cunhaanna-liz@example.com,+55 51 7067 0155,2020-05-05
39319,Sophie da Rocha,allanadas-neves@example.com,(081) 6958 6848,2024-09-23
51551,Sabrina Pereira,rvieira@example.org,(031) 7172-9569,2022-11-12
16417,Davi Lucas Lopes,matteoferreira@example.com,+55 (021) 7533 1352,2022-05-16
26917,Bento Camargo,otavio61@example.net,+55 84 0770 1458,2023-08-28
79514,Luigi Vargas,caldeiracatarina@example.org,+55 31 6845 0883,2024-05-08
77882,Asafe Souza,sda-paz@example.com,+55 21 7968 5661,2020-06-05
92309,Elisa Pinto,abreumirella@example.com,+55 11 9506 3746,2022-05-30
44962,Maria Júlia Barros,luigicamargo@example.org,61 1111-4085,2020-02-21
10806,Davi Miguel Ramos,gcamara@example.com,+55 (011) 2605-3810,2021-08-17
93646,Luiz Fernando Abreu,fernandesgiovanna@example.net,(041) 1718-4049,2024-01-19
78609,Arthur Miguel Nascimento,alicia38@example.com,+55 (081) 7326-2904,2021-09-19
49077,Júlia Silveira,ravi-luccasa@example.org,41 8240-0070,2024-01-30
19092,João Guilherme da Cruz,iaparecida@example.com,+55 (051) 4052 3792,2023-06-01
66796,João Vitor Cassiano,pachecoana-laura@example.com,+55 (031) 6053 3232,2021-06-28
64407,Luna Rocha,raquel33@example.net,+55 (071) 9537-6580,2020-04-04
83221,Maria Luísa Sales,maysaalbuquerque@example.net,(011) 0056-1114,2020-01-11
98634,Jade Lima,leaoalice@example.org,+55 (041) 9689 1251,2023-09-11
70432,Maitê Silva,qcassiano@example.com,(081) 7217-3146,2021-08-25
32135,Bento Albuquerque,almeidadavi@example.org,(081) 7671 0271,2024-08-08
61857,Sofia Campos,silveirarebeca@example.org,(011) 2968 0253,2021-09-28
82474,Hadassa Cardoso,riospedro-lucas@example.org,+55 41 9973-6522,2024-09-18
81873,Allana Correia,qabreu@example.org,81 3600-1297,2021-07-19
85843,Matheus Almeida,qcavalcante@example.org,(061) 1955-6502,2020-07-27
80244,Otávio Sampaio,rodriguesalice@example.net,(021) 5595 9284,2022-10-20
86189,Matheus Nunes,bryan18@example.org,(011) 0454 2858,2022-03-18
4431,Zoe das Neves,mariavieira@example.net,+55 (021) 8581-4350,2020-01-28
39741,Joaquim Cunha,isaac09@example.net,61 2290-4056,2020-03-11
26818,Calebe Cavalcante,ana-luizasales@example.org,+55 (084) 6017-1258,2021-05-25
51189,Dr. Matteo Melo,ceciliacastro@example.com,(031) 2318 7824,2022-11-23
83598,Isabelly Porto,montenegrocarolina@example.org,+55 11 9622-7739,2020-05-31
21387,Miguel Jesus,erick64@example.com,+55 31 5505 1018,2020-10-29
96963,Yasmin Lima,ana-liz22@example.org,0900-484-3900,2021-04-28
58523,Arthur Novais,wribeiro@example.org,(061) 5104 2791,2022-01-20
20688,Fernanda Sales,pnovaes@example.com,(081) 0854-7065,2023-07-08
71195,Sophia Cunha,antonella69@example.org,+55 (081) 6246-3937,2022-08-07
18153,Emanuel Silva,levinascimento@example.net,+55 31 4570 0042,2021-09-20
99084,Sra. Antonella da Conceição,yoliveira@example.com,+55 31 2074 3244,2024-03-23
8930,José Miguel Correia,zpires@example.org,(011) 3091-3068,2021-07-14
5165,Ayla Fonseca,diogo89@example.com,0300-467-3048,2020-05-20
78107,Davi Luiz Mendes,mcavalcante@example.org,61 7334-2928,2021-06-16
49929,Rebeca Pinto,pcastro@example.org,0500 387 8883,2020-10-05
31904,João Nascimento,yan26@example.com,+55 (071) 0805-3417,2024-06-13
96129,Aylla Ribeiro,maite12@example.com,(041) 9148 9536,2023-01-27
57187,Ana Clara Novais,eloa42@example.org,84 1592 5457,2024-09-28
1546,Allana Correia,caue40@example.net,61 7974 6033,2024-05-03
59045,Sarah Campos,nicolas94@example.net,81 2399 6302,2024-09-22
8280,Fernando Câmara,emanuellacosta@example.net,81 7454 6775,2023-07-03
68479,Srta. Giovanna Martins,luana85@example.com,61 2563-6288,2023-03-15
29287,Sara Alves,isaquemonteiro@example.net,+55 (031) 5189-5226,2020-09-04
95743,Maria Vitória Macedo,maria-alice41@example.net,51 7336 8801,2023-08-20
89900,Yago Pires,saheloisa@example.org,+55 11 7097 5635,2021-04-25
69965,Alana Martins,ana-clarapires@example.net,(031) 8841-2272,2022-10-10
40469,Guilherme Porto,pcosta@example.org,+55 21 9631 8972,2024-05-10
93633,Guilherme Cavalcante,da-rocharafael@example.net,+55 (041) 2862-7920,2021-08-18
33000,Heloísa Guerra,manuella31@example.net,+55 71 8824 6078,2023-05-06
40555,Eloah Sampaio,ana-luizapeixoto@example.net,(081) 3966 2606,2022-02-18
89755,Helena Ferreira,andradeester@example.org,81 7107 4618,2020-01-06
65988,Luna Rezende,diasmaria-fernanda@example.net,21 7154-9983,2024-04-10
34289,Dr. Davi Lima,theodorosilveira@example.org,51 6956 8806,2023-07-16
42036,Gabrielly Ferreira,gborges@example.org,0900-813-4711,2021-06-16
50787,Mateus Machado,jesusfrancisco@example.net,81 7766 7398,2022-01-02
19977,Marcela Câmara,zguerra@example.net,31 5505-0481,2020-02-05
27686,Josué Fernandes,enzopastor@example.com,61 9698-8758,2023-10-21
64176,Hadassa Ferreira,oliviafreitas@example.org,71 9594 8398,2023-06-15
52861,Joaquim Nunes,vpastor@example.org,51 1897 9531,2022-08-05
48992,João Miguel Souza,nmontenegro@example.org,+55 51 3118 0688,2023-06-01
62846,Ana Sophia Campos,jade19@example.net,+55 21 2886 6907,2022-11-29
1776,Nicole Borges,freitasdanilo@example.net,+55 (061) 0312-5904,2022-10-30
97247,Sabrina Macedo,henrique02@example.net,+55 41 4125-9985,2021-03-02
57805,Anthony Gabriel Rios,pietracamara@example.net,61 6965-3915,2023-09-27
21051,Isabelly da Conceição,hdas-neves@example.org,+55 81 7811 1499,2023-11-02
3546,Maria Luiza Oliveira,limajoao@example.net,51 2847 1212,2020-07-23
22553,Bruno Marques,juanmarques@example.org,0800 044 9564,2022-07-10
85808,Dra. Brenda Pires,pedro-henrique09@example.com,+55 84 1596-2891,2020-05-03
60895,Sr. Gabriel Silveira,isaac90@example.net,+55 (031) 3719 3714,2020-11-16
93205,Marcelo Mendonça,silvayuri@example.net,31 3159 9308,2020-02-07
3983,Luiz Gustavo Sampaio,da-costatheo@example.com,+55 81 2598-8334,2020-07-28
296,Ryan Leão,iviana@example.com,51 3624 7365,2022-12-01
82316,Isaque Costa,amelo@example.com,+55 (081) 8790-3862,2022-09-23
92391,Ester Nascimento,aragaoolivia@example.net,+55 (021) 2384-8813,2024-01-24
22755,Olivia Freitas,imoura@example.com,(041) 3371 6532,2020-01-06
80312,Eloah Lopes,henriquecorreia@example.org,(011) 5944-4246,2023-06-23
84373,Ana Laura Lima,isisbarros@example.com,21 8910 0956,2021-08-23
51115,Oliver Pimenta,eduardo71@example.com,(011) 5772-5916,2024-10-02
26599,Maria Laura Martins,levisilva@example.net,(061) 6471 9560,2021-11-09
93041,Maria Cecília Dias,qsiqueira@example.com,+55 31 4826-9573,2020-12-29
51986,Marcelo Montenegro,milenanunes@example.com,+55 (011) 1104 9004,2023-11-07
51075,Ana Carolina Martins,heloisa04@example.net,+55 (084) 1278-0459,2024-07-14
63732,Sra. Sophie Martins,leaomatheus@example.net,31 5793-0305,2023-03-19
60834,Henrique Machado,qbarbosa@example.com,+55 61 8623 9228,2023-09-17
82431,Kamilly Silva,kaiqueteixeira@example.com,+55 (084) 4462 3523,2021-08-11
36003,Augusto Brito,vieiramathias@example.org,(071) 2727 2718,2022-10-10
83754,Gael Barbosa,anacirino@example.com,0800-177-4159,2024-07-30
43018,Dra. Eloah Pires,fcavalcanti@example.net,0900 721 9399,2023-06-28
70195,Kamilly Fogaça,ana-julia75@example.org,+55 (031) 9515-6239,2022-02-08
64285,Ester Gomes,da-conceicaohelena@example.net,84 6126-8396,2024-05-10
74691,Melina Costela,sophiaferreira@example.com,0800 429 5122,2023-03-19
83131,Clarice da Luz,leaogael-henrique@example.org,+55 81 3626-3210,2023-05-09
46093,Luara Moreira,vicente54@example.org,(041) 3426-5922,2022-09-27
15810,Danilo Peixoto,arthur-miguel42@example.org,+55 (081) 0580 5376,2024-07-07
26418,Arthur Gabriel Moraes,tramos@example.net,0900 265 1893,2022-09-28
2369,Lara Rocha,gferreira@example.com,+55 (011) 1976-7479,2021-01-12
42056,Marcos Vinicius Santos,marcelo55@example.org,+55 61 9520 8247,2023-12-29
16404,Olívia Rocha,imonteiro@example.net,(084) 6352 6672,2021-01-21
50659,Sra. Bruna Casa Grande,camargobenjamin@example.org,+55 (084) 5843 1654,2024-09-29
73009,Sr. Davi Lucas Fogaça,kbarbosa@example.com,+55 (021) 4810-0548,2020-12-11
5143,Maria Laura Jesus,bmoreira@example.com,+55 (011) 0359-6185,2024-05-10
33342,Otávio Correia,lunna47@example.com,+55 84 6392 1108,2024-07-17
11162,Pietro Santos,vmonteiro@example.com,(011) 1492-2291,2020-03-16
60067,Leandro Cardoso,barbosabenjamin@example.com,0500-776-1773,2024-06-14
80225,Rebeca Cunha,csa@example.com,0300-624-5991,2020-08-21
74718,Maria Alice Teixeira,emartins@example.com,(011) 3249 6178,2021-08-19
55210,Srta. Sabrina Sampaio,gomesana-carolina@example.net,+55 (081) 6001 9494,2022-10-01
2428,Cecília Vasconcelos,davi-luiznovaes@example.net,0800 086 8870,2023-09-11
56148,Letícia Pastor,camargoallana@example.net,+55 (011) 9144-5474,2020-07-08
76564,Evelyn Montenegro,qcunha@example.org,+55 (081) 0775-8297,2023-04-30
4803,André da Rocha,jalves@example.com,+55 (081) 8595 8802,2024-06-25
40167,Maria Clara Mendonça,ocorreia@example.com,(084) 5292-6002,2023-10-26
54206,Sofia Nogueira,qfreitas@example.org,+55 41 8048 0783,2024-05-12
84729,Heloísa Sá,vasconceloslorena@example.net,+55 81 4190-9708,2022-09-27
7842,Gael Henrique da Conceição,luiz-felipebarbosa@example.org,81 5597 8994,2020-08-21
69832,Ana Sophia Porto,otto83@example.net,31 9163-4907,2023-01-10
67069,Jade Guerra,vieiraravi-lucca@example.com,+55 84 1782 4653,2020-01-03
98297,Pietra Gomes,dalmeida@example.net,+55 11 5290-3052,2022-12-18
96215,Luiz Felipe Sousa,anthony-gabriel16@example.org,(041) 9763 5175,2023-02-27
1507,Davi Lucas Silva,bento39@example.com,+55 (061) 2765-2339,2022-12-25
37857,Davi Luiz Correia,luanarezende@example.net,+55 (084) 9481-6112,2024-04-29
73651,Raul da Paz,gfreitas@example.org,(011) 8021 9003,2021-11-05
61670,Luara Martins,ana-liz58@example.net,(061) 6854 1607,2022-05-09
45484,Vitória Peixoto,psa@example.org,+55 21 6502-8213,2023-06-12
36540,Ana Vitória Siqueira,valentim47@example.com,0500-752-8223,2020-04-01
65260,Fernando da Luz,mendesmaria-luiza@example.net,(061) 6797-6708,2024-08-14
63784,Ísis Ramos,henry-gabriel23@example.com,+55 51 9584 6062,2023-09-26
24462,André Brito,thiagosilveira@example.net,0800-225-7538,2022-06-03
18081,Bernardo Vieira,ryan26@example.com,+55 11 4443 5095,2023-06-01
45898,Antonella Azevedo,smoraes@example.com,+55 51 6005 4797,2023-10-21
95023,Lucca Silveira,nicolasmoraes@example.com,+55 (011) 5473-3355,2021-07-25
2938,Gael Henrique Teixeira,henryazevedo@example.com,(021) 2264 8496,2024-04-21
48185,Pietra da Cunha,stephany30@example.com,41 6303 3965,2021-09-02
11400,Maria Luísa Silveira,fonsecaalexandre@example.net,(081) 3438 5864,2022-12-27
9442,Gael Barros,qmontenegro@example.org,+55 (061) 3935 8156,2024-06-16
80045,Sr. Gustavo Henrique Barros,leonardo28@example.net,(011) 1671-8396,2021-12-06
93185,Mirella Andrade,fogacacamila@example.com,(051) 5584-5778,2020-05-25
70689,Lucas Gabriel Freitas,ribeiroluiz-otavio@example.net,+55 (084) 8984 0205,2024-05-26
3245,João Gabriel Siqueira,fariascarlos-eduardo@example.org,+55 (031) 7798-4837,2022-11-05
99707,Bruna da Costa,castrobrenda@example.org,+55 81 9556-4005,2023-07-02
63067,Kamilly Nascimento,felipeabreu@example.net,0300 372 5296,2023-11-21
30048,Hellena Vieira,da-costaalexandre@example.org,+55 (021) 5471-3600,2020-11-23
26448,Valentina Macedo,emanuelly08@example.net,+55 51 0060 4594,2020-11-28
30976,Dra. Rebeca Cavalcanti,rhavimartins@example.com,+55 51 9135 5696,2022-07-01
87909,Ana Lívia Ferreira,luigi85@example.net,+55 31 8101-2693,2021-01-14
47994,Maria Isis Novaes,fsousa@example.org,(021) 0230-4280,2023-06-21
47869,Maria Laura Oliveira,ana-luiza81@example.com,(031) 7903-0180,2023-03-25
54862,Letícia Lopes,brayanda-conceicao@example.com,+55 31 9860 7696,2020-07-20
53969,Dr. Lucas Gabriel Marques,riosrebeca@example.net,21 6328 8684,2023-02-27
47307,Ana Cecília Rios,ofernandes@example.net,84 1486-1869,2024-09-04
45587,Srta. Ana Luiza Cassiano,kfogaca@example.org,21 9842 4500,2024-04-09
37828,Maya Caldeira,raelporto@example.org,(051) 5271-3880,2023-03-01
4257,Luan da Rosa,taragao@example.net,+55 51 9404 9736,2020-06-09
75342,Joana Dias,emanuellaramos@example.org,51 7430 4447,2024-02-27
80616,Anthony Moraes,lopesluiz-henrique@example.org,+55 (061) 1672 8227,2023-05-05
51186,Enzo Novaes,maria-lizpastor@example.org,+55 (081) 2421-0911,2022-03-16
94888,Bruno Guerra,xda-rocha@example.com,0500-144-9382,2020-01-09
8276,Srta. Giovanna Castro,vda-cunha@example.net,(081) 3450-4900,2021-06-13
14300,Manuela Abreu,ianbrito@example.com,+55 81 1587-7808,2023-03-26
24365,Mathias Fernandes,anafogaca@example.com,21 3126 1802,2021-09-11
70594,Evelyn Barbosa,fonsecanoah@example.com,21 1511-1807,2024-04-28
37242,Otto Ramos,alana66@example.net,0900-057-5386,2022-12-11
70580,Isabela Aragão,maria-florpacheco@example.net,+55 61 0477-2977,2023-08-21
35217,Dra. Laís Montenegro,nicolas97@example.net,+55 (051) 8555-4204,2023-12-10
89635,Mateus Vargas,ana-luizapinto@example.org,(071) 7162 2670,2024-05-20
37718,Dra. Laís Ferreira,macedokevin@example.net,31 9179-7037,2020-05-21
6927,João Felipe Cassiano,maria-vitoria57@example.org,81 1527 2228,2023-05-14
78874,Srta. Caroline Cunha,isaaclopes@example.org,+55 41 6782-3328,2020-11-20
28057,Aurora Câmara,barbaraduarte@example.org,+55 41 7052-1926,2023-08-25
49653,Dra. Isabel Moreira,wlima@example.net,+55 41 2294-9350,2023-09-07
69869,Sra. Pietra Rodrigues,lopeslorenzo@example.com,+55 (021) 0383-3431,2023-05-01
34635,Dr. Erick Sampaio,ana-laura28@example.org,84 8241 0239,2021-01-31
15983,Valentim Pires,marcelomoraes@example.net,41 4142-2875,2023-02-16
60219,Henry Gabriel Rios,enzo20@example.com,+55 (031) 8691-0654,2021-06-27
61964,Gael Henrique Nunes,monteiroayla@example.com,0300 486 0952,2021-05-03
48741,Sra. Lara Souza,rcorreia@example.net,+55 41 5079-9834,2023-05-09
41928,Fernanda das Neves,enzo-gabrielcampos@example.org,+55 71 0147-0287,2024-02-10
51043,Ana Luiza Machado,pintogustavo@example.net,41 3501 1836,2023-09-19
63429,Matteo Borges,sofia62@example.net,+55 21 1692-2292,2020-03-02
36772,Lucca Ribeiro,gda-luz@example.com,84 8469-1430,2023-01-14
54001,Luara Brito,thales93@example.com,+55 (021) 4038 7248,2020-06-12
4705,Maria Liz Cavalcante,yrodrigues@example.com,(061) 6272-2857,2024-10-14
19445,Caroline Almeida,pintoana-beatriz@example.com,+55 71 4744-0906,2024-04-21
60593,Marcelo Freitas,kcirino@example.net,+55 (081) 4179 3775,2020-07-20
59555,Raquel Carvalho,cirinocaleb@example.com,+55 (011) 5877-7890,2024-03-30
80840,Dr. Francisco Nascimento,leaoenzo-gabriel@example.net,+55 31 0498-2713,2022-12-02
43001,Dra. Sophia Correia,usilva@example.org,+55 (084) 7440-6981,2022-12-02
32373,Eduardo Fonseca,eloahcastro@example.net,(084) 6412-6391,2023-08-09
3155,Valentina Martins,ravi-lucca08@example.net,21 5537-0313,2020-03-02
56861,Lucas Ramos,evelyncarvalho@example.org,(031) 9049 3396,2023-07-20
74590,João Felipe Guerra,olivia03@example.com,+55 (041) 2349-7553,2022-07-01
11028,Yan Novaes,maria-laura54@example.com,+55 (051) 2523-0364,2023-10-03
78281,Cecília Nogueira,ycaldeira@example.net,+55 21 4206-1353,2020-11-25
89672,Felipe Monteiro,davi-luccamoraes@example.org,+55 84 1113 9144,2021-06-27
32634,Sarah Costela,yanda-conceicao@example.com,81 3918-9771,2023-12-23
50269,Isadora Fonseca,melinaporto@example.org,+55 (061) 1002-3975,2022-08-31
22913,Ana Liz Cassiano,csa@example.org,(041) 4906-8062,2024-08-18
19699,Henry Gabriel Campos,barbosarafael@example.net,+55 (061) 2117 3247,2022-01-12
48758,Sarah Rios,ealmeida@example.org,61 3093 8663,2022-12-14
87956,Larissa Ramos,wmontenegro@example.com,+55 (041) 5147 1631,2022-08-18
67944,Bella Araújo,larissabarros@example.com,(051) 8183 3337,2020-07-02
48669,Dr. Heitor Peixoto,hnogueira@example.com,+55 84 6497-0973,2023-01-22
75297,José Pedro Cunha,djesus@example.com,0800 955 4175,2020-10-04
85650,Arthur Gabriel Alves,gabriellyrocha@example.net,(031) 9165 0617,2023-04-25
71935,João Pedro Sá,melina21@example.org,+55 71 4152 0199,2022-08-22
89933,Sr. Dante Camargo,gabrielada-rosa@example.org,71 7789 8976,2021-11-02
13687,Otto Nogueira,portokamilly@example.com,(081) 4712-8833,2022-01-16
61113,Yuri Mendonça,bianca41@example.com,0800 710 9878,2022-02-03
51300,Henry Fernandes,da-luzgabriel@example.com,+55 (031) 3506-3046,2021-06-22
16032,Paulo Castro,luiz-felipeda-rosa@example.net,+55 (031) 9502-1651,2020-11-11
75517,Dr. Levi Duarte,scampos@example.com,+55 (071) 0670-2761,2023-05-23
29378,Sra. Isabel Jesus,maria-vitoriateixeira@example.net,11 2951-0577,2021-08-09
98539,Ana Clara Borges,montenegrobreno@example.net,31 4715 6146,2024-02-26
71032,Gabriela Vasconcelos,luiz-otaviosilva@example.org,71 2610-5790,2021-09-03
99695,Ana Sophia Oliveira,allanaaraujo@example.org,0300 711 9291,2020-05-26
61988,Cecilia Silva,eda-cunha@example.net,0800 742 7662,2021-03-02
31743,Antony Fernandes,hpires@example.net,0900-897-5666,2022-03-28
73089,Yasmin Alves,laura42@example.org,+55 (084) 5559-7161,2022-05-09
44212,Maria Laura Nascimento,enzoazevedo@example.net,0500 410 6345,2024-02-17
70103,Srta. Lavínia Monteiro,aragaodiogo@example.org,11 0062 2382,2023-12-04
69468,Sr. Dom Aparecida,gabrielpinto@example.com,(011) 6104-5216,2023-10-28
69157,Aurora Nunes,andrademarcela@example.com,+55 51 7332 4645,2021-01-29
69243,Dra. Laura Aparecida,mariah82@example.org,51 7417 4354,2022-05-10
6464,Pietro da Costa,pedro13@example.com,0500 831 2120,2021-02-08
47683,Isadora Sá,gmartins@example.org,71 0776-8797,2024-01-31
63614,Davi Lucca Araújo,isisoliveira@example.net,0900 053 7417,2020-09-28
89626,Pedro Henrique Teixeira,fsales@example.com,+55 (021) 1302 3715,2020-06-18
47366,Thales Monteiro,ealbuquerque@example.org,+55 (011) 3147 6617,2020-08-29
21691,Emanuel Jesus,maysaandrade@example.org,+55 (051) 1961-9287,2020-08-07
27185,Júlia Cavalcante,mariahribeiro@example.net,+55 (021) 4719-9862,2023-03-18
23966,Josué Silva,valentinaribeiro@example.org,(031) 8439 0907,2021-11-07
14838,Sra. Maria Laura Pimenta,jsampaio@example.com,+55 (071) 2261 9313,2021-08-02
51845,Samuel Costela,souzalunna@example.org,+55 21 7410 9715,2020-05-16
28263,Henry Pires,camila41@example.org,+55 (041) 9362 6175,2021-12-23
28089,Sr. Oliver Sales,daniel92@example.com,+55 61 3667-4910,2022-10-24
4435,Cauã da Costa,nascimentoenzo@example.org,+55 71 8758-4544,2024-09-24
31302,Caroline Freitas,juangoncalves@example.net,(041) 1977-0971,2021-03-19
63052,Mateus da Mata,heitorpinto@example.org,+55 (021) 7214-8331,2021-11-28
216,Sara Câmara,aylla30@example.com,84 3620-7254,2024-05-07
52489,Enrico Lopes,franciscodias@example.net,+55 51 6224 9491,2022-01-12
53917,Kaique Duarte,maria-fernanda07@example.org,41 2481 9754,2020-08-03
32733,Antonella Novaes,emanuella45@example.org,(071) 3186 7464,2023-04-21
54811,Maitê Martins,larajesus@example.net,+55 84 3543-4197,2020-10-09
27662,Josué Marques,dnunes@example.org,(031) 7746 9015,2020-10-31
73425,Pietra da Mata,brunocasa-grande@example.org,+55 21 7944 6011,2023-08-28
44293,Diogo Camargo,heloisa08@example.org,+55 51 4667 6771,2020-12-07
74434,Yago das Neves,enzofonseca@example.com,0800 103 4220,2022-01-14
71102,Emilly Costa,ravi25@example.org,+55 11 1136-7459,2024-05-11
13716,Lorenzo da Mota,sara79@example.org,+55 (061) 9771-9853,2023-04-14
60265,Evelyn Carvalho,laura95@example.com,81 7150 1057,2022-04-14
79352,Hellena Sales,sbarros@example.net,+55 61 8564 1604,2024-03-03
13009,Isis Macedo,ferreiraluigi@example.org,0800 162 4334,2021-07-01
57875,Sra. Mariah Vargas,lpastor@example.net,61 3861 0243,2021-11-26
67827,Luana da Paz,luizamontenegro@example.net,+55 41 8140-8987,2020-05-11
68487,Josué da Mota,benjamim35@example.com,(071) 6574 2610,2024-08-13
65091,Isaac Costa,nicolas24@example.org,(084) 6763-1556,2021-10-29
79032,Emanuelly Pinto,lcardoso@example.net,+55 51 2158 0613,2022-03-08
51288,Leonardo Cavalcante,rodrigonovaes@example.net,+55 (011) 0029 7829,2022-12-20
94056,Helena Monteiro,camaraheitor@example.com,+55 (011) 6261 7549,2022-02-09
70543,Erick da Luz,vitormendonca@example.org,(021) 3581 1508,2020-03-20
48401,Léo das Neves,eporto@example.org,+55 (081) 1688-1473,2021-02-11
98502,Melissa Souza,emanuellyrocha@example.org,(031) 6265 7065,2021-02-05
4448,Asafe da Cruz,helenafogaca@example.net,(011) 3144-0936,2023-10-28
86668,Ian Moura,arthur-miguelda-mota@example.org,+55 11 9037-0656,2022-07-15
54248,Srta. Hellena Porto,scarvalho@example.net,+55 41 9840 0092,2023-04-03
28481,Dr. Luiz Otávio da Rosa,cunhadom@example.com,+55 71 4929-8605,2022-08-22
18593,João Felipe Cassiano,viniciuspastor@example.net,81 7432 5019,2020-05-22
72613,Marcelo Vasconcelos,silveirabrenda@example.net,+55 81 4861 3065,2020-12-22
96282,Sophia Pimenta,piresmanuela@example.net,71 0067-9862,2023-07-19
67828,Ayla das Neves,beatriz72@example.org,(061) 9546 0695,2023-11-27
65325,Ryan Pimenta,leaoleticia@example.org,(084) 9303-0915,2022-07-29
56295,Agatha Barros,esales@example.net,0300 348 0234,2020-11-12
221,Ísis Brito,henriquesa@example.net,51 4796 5010,2020-07-01
47596,Olivia Alves,pedro-henriquemendonca@example.org,+55 (061) 5365 8227,2024-01-16
65409,Ana Laura Alves,correiamilena@example.org,+55 41 5579-4982,2022-02-10
25581,Sabrina Aparecida,rhavicavalcante@example.com,(011) 7838-9206,2020-05-06
67520,Aylla Albuquerque,benjamimcamargo@example.net,+55 51 4663 2277,2024-02-05
91683,Dr. Mathias Azevedo,silvanina@example.net,61 7809-3819,2021-01-22
28068,Sra. Jade Albuquerque,jesusjulia@example.com,(084) 7021 6483,2022-12-21
91643,Matteo Sá,marianalopes@example.com,+55 41 1545-2413,2024-10-15
77013,Agatha da Cunha,joanacunha@example.org,(084) 2007-4937,2022-12-20
71992,Mariana Borges,danilonovaes@example.org,(081) 2289 6320,2022-01-10
250,Vinícius Rodrigues,iviana@example.net,+55 81 3277-1393,2023-12-30
11698,Vitor Siqueira,beatrizviana@example.com,+55 61 8361 3525,2022-02-20
34291,Raquel Jesus,samuelvieira@example.net,41 4432-2814,2022-06-22
81373,Vicente Ribeiro,ferreirafernanda@example.org,+55 (031) 4464 6073,2021-04-29
61908,Erick Porto,daniel47@example.net,0900 784 5113,2023-06-11
65108,Vicente Sousa,tcardoso@example.net,61 9343 8402,2024-05-12
90519,Anthony Borges,gfogaca@example.org,+55 21 6649-9694,2021-11-17
93587,Liz Duarte,vieiravitoria@example.com,+55 (041) 3455-5785,2021-05-23
98768,Rafaela Moreira,vinicius67@example.net,81 0279 7311,2024-04-04
80645,Lucas Santos,nalbuquerque@example.com,+55 61 9058-8761,2024-04-10
83605,Bryan Sá,allanajesus@example.org,+55 (011) 1451-1335,2023-04-18
26348,Marcos Vinicius Ribeiro,henriqueda-rosa@example.org,(011) 1548 1116,2024-04-04
76459,Brenda Melo,uda-cruz@example.net,+55 (084) 2564-8111,2023-05-12
81934,Bella Siqueira,da-costabenjamim@example.net,61 2925-0313,2023-12-23
46983,Stella Abreu,vianamaria-cecilia@example.net,+55 (061) 3844-5563,2021-05-27
14196,Dra. Ana Beatriz Sales,vmachado@example.net,+55 61 9166-5056,2022-12-30
31924,Luiz Henrique Moreira,ericknunes@example.org,+55 (051) 9559 3989,2024-09-15
50045,Hellena Pires,pdias@example.com,84 5799 6716,2022-10-29
54102,Marina Almeida,rfarias@example.org,0300 902 4199,2020-09-17
26074,Thiago Vieira,jose-miguelnovais@example.com,0800-058-7122,2024-09-19
99241,Bernardo Pimenta,cecilia21@example.org,+55 51 4101 3791,2021-07-23
54830,Liz Oliveira,zmendonca@example.com,+55 71 6569-6365,2020-01-12
81681,Dra. Agatha da Paz,fonsecavitor-hugo@example.com,(021) 4894-7010,2022-04-05
58626,Olívia Albuquerque,calebe93@example.com,(021) 8054 1371,2020-10-17
45521,Dante Lopes,cardosoemilly@example.com,51 0809 9685,2023-07-10
43956,Catarina Marques,hellena67@example.net,0300-021-9320,2023-12-14
10294,Felipe Peixoto,livia03@example.net,+55 84 0408 9301,2023-09-22
96950,Amanda Alves,manuellaaparecida@example.com,+55 (081) 5716-4129,2020-11-03
95473,Sra. Maria Liz Guerra,pbrito@example.net,+55 11 3325-5370,2021-05-21
4061,Ana Laura Duarte,pedroda-paz@example.net,81 0208-1879,2020-03-22
10217,João Gabriel Fogaça,luanfernandes@example.net,(051) 5378 4240,2024-01-21
21511,Sr. Kevin Cardoso,nunesallana@example.com,+55 11 3096 6168,2021-11-25
66943,Maria Eduarda Machado,cauarocha@example.com,84 4762 2265,2020-10-26
73811,Sra. Antonella da Mota,bernardoporto@example.net,11 5382-0066,2020-09-14
11025,Melissa Guerra,pporto@example.org,+55 (081) 9085-8785,2023-02-20
77304,Dra. Maria Isis Araújo,lcamargo@example.com,+55 (051) 2445-8737,2020-02-02
14034,José Montenegro,ayllafarias@example.com,31 9106 8847,2021-10-20
50833,Otávio Duarte,cda-costa@example.org,+55 (031) 4603-1395,2021-10-08
6158,Raul Cavalcanti,nina85@example.org,0900 160 3958,2020-02-06
22421,Srta. Emanuella Rocha,hferreira@example.net,+55 (061) 9449-1509,2021-05-02
39429,Ana Beatriz Costa,ana-claralopes@example.com,61 1545 6966,2023-04-30
36859,Gustavo Vargas,ssousa@example.org,+55 84 3899 8312,2020-11-15
20019,Gabriel Freitas,fonsecabenjamin@example.org,+55 21 6776-0825,2024-09-06
57182,Luiz Henrique Cassiano,fogacavinicius@example.net,31 9195 1966,2023-01-24
37288,Ester Rocha,zda-costa@example.com,+55 51 2235 6697,2024-10-12
71735,Stella Guerra,mendoncamatteo@example.net,(061) 8439-6455,2023-09-12
33856,Alícia da Rocha,rezendedavi-miguel@example.net,(041) 7376 6732,2023-03-07
21111,Hellena Sales,erick38@example.org,+55 (084) 7538 3339,2024-10-11
41759,Ravy Pinto,csampaio@example.org,(011) 5566-8944,2021-02-08
88749,Letícia Rezende,novaesdante@example.org,+55 31 0309 3951,2023-03-18
71384,João Lucas das Neves,joana23@example.com,81 9356-1103,2023-01-14
76906,Guilherme Duarte,anthony-gabriel18@example.com,84 2426-8181,2020-12-19
91209,Rodrigo Lopes,ana-luizaoliveira@example.org,81 2555 4669,2024-07-22
51360,Alana Farias,mathias04@example.org,81 1561 7422,2021-01-28
70166,Srta. Maria Luísa Rios,da-conceicaodavi-lucas@example.net,0900 620 0280,2020-09-21
23841,Mariane Nascimento,vitoriaaparecida@example.net,+55 81 3552-4627,2024-03-20
82580,Marina Teixeira,cavalcantimarcos-vinicius@example.net,+55 (061) 4953 4798,2022-12-26
90637,Sra. Ana Liz Marques,sofiasousa@example.net,84 1985 0433,2022-08-15
84845,Luan Cavalcanti,da-costajulia@example.net,(021) 8382 9181,2021-02-28
16315,Hadassa das Neves,hda-mata@example.net,(021) 8139-1470,2020-02-06
71057,Hellena Vasconcelos,fernandesamanda@example.net,(031) 4596 2911,2023-04-18
89143,Srta. Maria Alice Alves,costelaana-sophia@example.org,+55 (011) 1821 4165,2022-03-18
80879,Nicole Mendonça,rcamara@example.net,(071) 3966-4818,2024-02-10
51406,Marcos Vinicius Silva,icamara@example.net,+55 11 4267 4065,2023-04-29
42034,Yan Barbosa,mendoncabento@example.net,61 0657-0561,2021-04-11
5801,Heloisa Costa,alana96@example.net,+55 81 3131-8930,2021-02-07
60495,Noah Azevedo,martinssara@example.net,+55 81 7081 5849,2021-10-16
23207,Laís das Neves,marcos-vinicius86@example.org,(021) 0382-6678,2022-01-14
55640,Luiz Felipe da Luz,xmendes@example.net,+55 (071) 7116 6059,2020-08-16
52969,Enrico Aparecida,matheusalmeida@example.com,(061) 1393-4620,2021-05-18
87676,Marcelo Gomes,davi-luccafernandes@example.net,21 5677 6400,2024-03-24
74813,Raquel Duarte,monteiromurilo@example.com,31 7225 2967,2022-12-29
20773,Ana Luiza Duarte,pedro-henriquesantos@example.net,+55 (061) 4206 1804,2022-05-03
24752,Isadora Vargas,theodoromelo@example.net,+55 11 5087-9613,2022-12-17
10168,Dra. Yasmin Gonçalves,vcavalcante@example.org,(081) 0754-4135,2021-08-12
70449,Benjamin Porto,da-cruznoah@example.net,31 5020 1683,2023-06-25
52246,Arthur Gabriel da Luz,epacheco@example.org,(071) 0520 9699,2020-02-24
83465,Evelyn Gonçalves,milena97@example.net,11 0383-0078,2021-05-10
68570,Mariana da Cunha,casa-grandevitoria@example.net,31 3888-8721,2023-02-16
45265,Maria Julia Dias,ialmeida@example.com,+55 61 6231-6977,2023-04-19
68557,Leandro Pinto,fariasmaria-clara@example.org,+55 (051) 2428 1695,2022-08-06
76279,Dr. Benicio Sá,da-pazemilly@example.org,41 7248-5691,2021-09-24
8698,Camila Abreu,ana-sophiapastor@example.org,31 1931 2140,2021-05-26
91357,Ayla Azevedo,qaraujo@example.net,41 1702 6875,2021-10-26
40182,Sra. Maria Cecília Sales,larissa82@example.com,51 4482 1717,2023-10-01
16463,Bryan Ramos,guilherme86@example.net,0300 406 2397,2021-12-05
39890,Ana Sophia Peixoto,ravi-luccagarcia@example.com,(031) 8337-6729,2021-09-30
71560,Rafael Brito,nathan82@example.net,84 1703 6665,2023-01-03
13948,Nathan Vargas,ravi-luccamoura@example.com,+55 (021) 5671-0474,2023-03-14
86612,Pietra da Rosa,nsousa@example.net,0500 443 0314,2022-04-26
97736,Sra. Manuela Barros,wsilveira@example.net,(031) 6207-8505,2024-08-09
45476,Eloá Fernandes,gabriel76@example.org,+55 (081) 2522-3077,2021-08-29
51664,Isaac Ribeiro,ypeixoto@example.org,+55 71 9181-7200,2020-10-06
71539,Milena Siqueira,acardoso@example.net,11 7363-4232,2024-04-25
65480,Isabella Cirino,asouza@example.net,(041) 5996-6534,2022-05-26
2488,Thomas Nogueira,maria-lizda-luz@example.net,+55 (041) 4576 0659,2022-04-11
25664,Augusto Abreu,lorena41@example.org,0900-685-2305,2020-02-21
17022,Maria Júlia Sá,carvalhomaria-flor@example.com,+55 (041) 9706 2598,2021-12-25
27504,Gabriela Jesus,diasvicente@example.com,71 9361-9426,2021-09-02
58257,Joana Moreira,fariasaurora@example.net,(011) 5883 6075,2021-07-02
85082,Dr. Lucas Gabriel Silveira,emanuelda-rosa@example.org,(051) 9249-0901,2021-08-02
81713,Matheus Aragão,clara89@example.net,(021) 5006-8536,2022-05-10
21895,Otto Pereira,heloisanovaes@example.org,+55 61 7015 5917,2022-04-02
62852,Vinicius da Conceição,isadorafogaca@example.net,61 4014 4151,2023-04-19
81666,Maria Clara Cavalcanti,milenamarques@example.org,+55 (061) 1140 1446,2021-06-24
34397,Pedro Miguel Ribeiro,manuelarodrigues@example.net,+55 (081) 2275-2530,2021-03-17
59728,Enzo Gabriel da Rocha,kbarbosa@example.net,61 9692 9974,2020-08-15
4289,Bella Cunha,pastordanilo@example.com,0300 015 2010,2020-10-06
23525,Brenda Pimenta,mateus55@example.com,0300 636 6784,2022-10-12
11542,Maria Isis Peixoto,igor48@example.com,(061) 2287 8234,2021-06-20
28151,Maitê Cirino,mendesisis@example.com,+55 71 7872-5732,2020-11-17
60559,Nicolas Rocha,zcosta@example.com,71 7064 0713,2021-08-12
68311,Lorena Barros,lunnaandrade@example.com,(071) 1225-5579,2022-11-18
84312,Luiz Fernando Castro,ana-laura33@example.com,(071) 8993 2839,2020-02-25
12682,Otávio Campos,wcasa-grande@example.org,41 8021-7184,2020-08-03
76134,Sr. Leandro da Cunha,ribeiroluisa@example.net,+55 (031) 1977 4772,2021-08-16
1079,Maitê da Mota,sophie34@example.net,(021) 2848 1316,2021-07-15
31154,Isaac Pacheco,yribeiro@example.net,(031) 5670-3989,2020-04-19
26343,Sr. Gustavo Henrique Costa,lopesjosue@example.com,+55 (021) 2017 6463,2023-01-17
4351,Gael Azevedo,rmoreira@example.org,+55 11 8625-2576,2024-08-23
3869,Otto Costela,sabrinavasconcelos@example.net,+55 61 6623-0639,2020-01-23
17619,João Lucas Peixoto,isisda-mata@example.com,81 9424-2563,2023-12-14
86279,Davi Novaes,isadoraaparecida@example.com,(021) 5365 1127,2022-11-22
22052,Lívia Almeida,nathan59@example.org,+55 84 4846 9148,2020-07-06
2255,Sra. Luísa Mendes,sousarebeca@example.com,0500-408-5768,2022-08-11
49655,Srta. Maria Flor Pimenta,lucascavalcante@example.org,0900-639-8949,2020-06-09
86804,Henry Porto,vitor-gabriel53@example.org,+55 (011) 5668 3668,2021-12-13
24149,Miguel Aragão,clarice56@example.net,+55 (084) 6333-9900,2022-09-19
87524,Luísa Freitas,kborges@example.net,+55 (061) 3785-5160,2021-02-26
91278,Maria Fernanda Mendes,vfernandes@example.org,(041) 9600 8419,2024-09-11
28894,Noah Casa Grande,henryazevedo@example.org,11 4389-7787,2021-05-11
86837,Ravy Vargas,brenda14@example.org,+55 (031) 1239 0352,2022-09-09
10140,Marcela Brito,fonsecadante@example.com,+55 (021) 8154-3274,2024-03-12
69977,João Guilherme Macedo,jcostela@example.org,(071) 8127-2330,2023-06-19
73376,Juan Sales,gferreira@example.net,81 6935-6271,2022-04-26
31625,Thiago da Mata,wda-paz@example.com,+55 21 7933 6268,2020-09-30
98864,Levi da Mota,evelynbarros@example.com,(041) 0895 6271,2020-08-10
37833,Laís Nascimento,mouramilena@example.com,+55 (041) 4505-5612,2022-05-14
12919,Henry Moura,ana-juliacorreia@example.com,81 8460-5074,2022-03-24
60434,João da Cruz,fernando30@example.net,(084) 5006-4693,2023-10-20
23183,Dante Aragão,caue47@example.com,+55 31 2499-2829,2024-01-18
79339,Helena Fonseca,da-cunharyan@example.org,(084) 8625-5834,2022-12-02
4608,Noah Oliveira,pietro88@example.net,81 1971-5397,2023-04-24
5407,Hellena Lopes,caldeiraravi-lucca@example.net,+55 (071) 6452 4555,2024-09-29
11017,Alice Rios,pimentaenzo-gabriel@example.org,(084) 8424-6907,2023-05-03
63781,Eduardo Ramos,martinsluan@example.net,(031) 3031-9875,2022-05-27
80777,Ana Julia Mendes,maria-lauracassiano@example.org,+55 (041) 2086 5371,2024-02-24
97639,Brayan Nascimento,daniel17@example.org,41 6105-6677,2023-10-10
65987,Carolina Nunes,marianecastro@example.org,51 2750 5256,2024-06-01
80262,Josué Leão,uda-costa@example.com,+55 31 4424 2308,2022-04-15
25789,Luiz Miguel Gomes,leticiaramos@example.org,+55 (011) 0516-3655,2023-10-14
23622,Rael Sampaio,ana-claraalves@example.org,41 7146 6035,2020-03-09
76499,Vicente Brito,jalmeida@example.org,51 5983 3611,2024-06-04
50186,Luana da Cruz,fnunes@example.org,+55 61 7243-6024,2020-06-07
60201,Benício das Neves,portolarissa@example.com,+55 81 4215-4926,2024-08-12
2587,Nina Lopes,camposcamila@example.com,84 9700 7952,2022-03-20
45569,Leonardo das Neves,thiago59@example.net,+55 71 9081-5687,2021-07-07
25035,Maria Luísa Guerra,snovais@example.net,(031) 2427-7639,2024-04-15
62787,Arthur Gabriel Santos,novaishenry-gabriel@example.net,(081) 4364 4216,2023-04-12
64389,Ana Vitória Viana,francisco35@example.org,+55 (061) 9537-3285,2020-12-15
5474,Enzo Leão,lucas-gabrielda-costa@example.com,+55 31 1005 5895,2023-06-01
64802,André Casa Grande,daraujo@example.net,+55 11 3066-9265,2021-10-31
63443,Benicio Vasconcelos,zda-rocha@example.com,0900-452-5178,2022-09-28
5207,Ana Lívia Nogueira,rodriguesclarice@example.com,71 6709 7153,2024-08-22
97849,João Guilherme Alves,aporto@example.org,(081) 2402 7093,2022-10-09
44637,José Miguel Jesus,borgesana-luiza@example.org,+55 (051) 1868-8050,2021-07-29
28772,Isis Duarte,ferreiravitor-hugo@example.org,+55 (084) 5223 4987,2020-03-26
45611,Dra. Mariane Sales,henrycavalcanti@example.net,+55 71 5421 5355,2023-11-29
64571,Luigi Barbosa,da-cunhaenzo@example.com,+55 61 7820-0364,2020-09-01
46079,Dra. Alícia Novais,sabrina38@example.net,51 9544 7610,2023-06-04
4513,Isabelly da Mata,rodrigo11@example.com,+55 (041) 2076-5825,2024-02-13
16746,João Guilherme Ferreira,xsouza@example.com,+55 (011) 0441 4535,2020-12-29
90,Dom Borges,allanarezende@example.com,+55 31 2149 9744,2023-05-04
79291,Giovanna Abreu,wmarques@example.net,(061) 9580-0902,2021-05-17
8339,Amanda Porto,tcassiano@example.net,+55 (011) 3414-1887,2024-06-21
41506,Thomas Ramos,aliciacaldeira@example.org,+55 41 0473 1836,2022-07-14
64794,Vitor Hugo Castro,fogacasophie@example.org,+55 (061) 7450-1526,2023-08-12
74643,Juan Castro,henriquecavalcante@example.net,(061) 0130-2926,2020-02-08
94896,Maria Clara da Rosa,luiz-henriquepereira@example.com,0800-491-1140,2020-08-10
27391,Benicio Montenegro,bianca58@example.org,+55 11 3711 6394,2024-01-23
96511,Maya das Neves,aurora61@example.net,0900 518 5545,2020-10-24
78328,Eduardo Silveira,nina49@example.net,0900-777-2971,2022-09-23
10890,Arthur Gabriel Fogaça,brunomacedo@example.org,+55 (061) 2363 1865,2023-07-15
17929,Amanda Mendonça,tcosta@example.com,+55 84 2734-6548,2022-11-15
44353,Leonardo Borges,ferreirastephany@example.org,(051) 2319-0414,2021-01-31
89604,Vicente Costela,maria-ceciliapinto@example.com,+55 81 1332 4878,2021-06-30
69084,Diego Albuquerque,fogacaaugusto@example.org,+55 (061) 7144 4203,2022-03-03
26934,Maria Julia da Costa,fernandesheloisa@example.org,+55 (041) 5067 2465,2020-02-04
33799,Dr. Davi Miguel Sá,agatha72@example.com,+55 84 6938 0461,2021-02-21
51909,Dr. Asafe Câmara,laragao@example.net,+55 51 9823 7075,2023-09-07
66117,Alícia Vargas,sophia63@example.net,61 2769 8100,2020-12-24
1193,Henry Gabriel Brito,moreiracaroline@example.com,+55 21 0096-1675,2023-09-09
70858,Juliana Mendonça,oliveiramaria-sophia@example.org,+55 (084) 6548 4969,2020-10-05
93766,Renan Nascimento,tvieira@example.org,+55 71 7339-7058,2021-08-30
73194,Hellena Pires,maria-ceciliacunha@example.net,+55 21 3685 4649,2020-10-24
90026,Marina Carvalho,joao-migueldias@example.net,84 3122 8307,2023-08-02
41412,Mariah Farias,andraderael@example.net,+55 (081) 9968 7308,2023-08-08
90782,Carolina Alves,wjesus@example.org,31 6459 3152,2021-07-08
38056,Yan Lima,fernandesotto@example.org,51 4657 7537,2022-11-09
96735,Fernanda Azevedo,souzadaniel@example.net,+55 51 3208 9608,2020-09-15
2073,Murilo Monteiro,luiz-fernando16@example.net,+55 41 0687-8487,2023-06-02
62907,Benicio Novais,barbarasiqueira@example.org,0800-762-8475,2023-04-11
53814,Sr. Eduardo Cardoso,cecilia17@example.com,41 3718 7349,2020-02-22
81524,Heloísa da Cruz,yanpastor@example.org,+55 31 6139-3259,2021-01-16
87343,Ana Liz Mendes,cgomes@example.com,+55 41 0607 1299,2023-07-21
63022,Arthur Miguel Oliveira,bpacheco@example.net,(051) 4009-6973,2023-12-26
94416,Sr. Henry Moura,henriquepacheco@example.org,(041) 6927-9492,2024-08-19
79056,Valentina da Rosa,joao-lucas43@example.org,81 6103 7308,2023-09-26
91640,Maria Luiza da Costa,luisada-costa@example.org,11 8104 9306,2023-02-26
28251,Sra. Elisa Cavalcante,maria-julia56@example.net,(081) 9771 2936,2022-11-24
76903,Felipe Carvalho,camaraluara@example.net,0900 217 0892,2024-10-15
61925,Benjamin Pacheco,daniloabreu@example.net,0800 645 4655,2020-06-22
90037,Ísis Farias,pastorzoe@example.com,+55 (061) 0642-8156,2020-04-26
45280,Maria Vitória Sales,yalbuquerque@example.com,51 6905 6742,2020-12-28
59766,Gael Henrique Marques,camilasantos@example.org,(031) 2906 2881,2023-03-21
36548,Enrico Gonçalves,zpires@example.com,+55 41 7447-4134,2020-11-12
22318,Bryan Moura,allana01@example.org,+55 71 5104-5432,2020-05-21
62614,Anna Liz Albuquerque,silvajoana@example.net,+55 (071) 4026 5438,2020-04-07
74640,Ana Liz da Rosa,anna-liz88@example.org,(031) 9856 0569,2021-10-06
81399,Nicole Viana,renan39@example.com,+55 (051) 4371 8075,2023-11-23
64629,Maria Clara Moraes,bianca85@example.net,21 8111 9856,2020-05-08
22400,Milena da Conceição,qbarros@example.org,0800-563-6236,2022-03-17
87855,Thomas Freitas,rodriguesdante@example.com,11 2444 5384,2021-11-24
77076,Lara Silveira,raelrezende@example.org,41 8346-2552,2020-07-17
1632,Luiz Fernando Nunes,cirinomelina@example.net,+55 (084) 6817 3566,2022-05-14
44869,Pedro Miguel Macedo,danielsouza@example.org,(081) 3625-1071,2022-07-29
70128,Maria Fernanda Cassiano,esther11@example.net,+55 11 5927 5661,2023-06-07
48025,Calebe Guerra,gpastor@example.net,51 2621 9056,2023-07-02
47684,André Ribeiro,vasconcelosmarcela@example.com,+55 51 6027 9538,2023-10-07
81918,Sr. Matheus Montenegro,eduardoleao@example.com,(051) 7640 2604,2022-09-08
45829,Gabriela Rocha,gabriel91@example.net,+55 (051) 3116-6307,2022-07-13
64642,Ana Vitória Nascimento,mariane31@example.org,+55 51 8050 7137,2022-05-04
50882,Brenda Pimenta,heitor93@example.org,(081) 2249-8057,2022-09-09
57159,Maria Fernanda Martins,barbara69@example.net,+55 21 3266-0114,2023-07-17
52703,Lucas Fonseca,zda-conceicao@example.com,51 2489 9126,2023-11-13
65975,Dr. Vinícius Alves,hadassa42@example.org,+55 21 0213-7170,2023-01-28
36343,Ryan Souza,sousarhavi@example.org,+55 41 3095 0039,2021-06-13
21646,Calebe Pereira,correiamaya@example.org,(021) 1024-3468,2021-12-19
77130,Hellena Borges,cirinodavi-luiz@example.org,+55 (031) 2266-4740,2023-02-11
3306,Ana Beatriz Ferreira,anthony-gabrielcarvalho@example.com,+55 (084) 4376 7476,2023-05-03
22606,Maria Helena Castro,cecilia27@example.org,61 5563 3172,2021-10-31
81170,Sra. Alícia da Mata,cauapimenta@example.com,+55 84 3686-5573,2024-02-06
8631,Natália da Paz,piresvalentina@example.net,+55 (071) 0869-1131,2024-04-19
96644,Srta. Ana Beatriz Costela,maysacavalcanti@example.com,51 6938 5145,2024-05-06
22056,Agatha Castro,esther65@example.net,(051) 3545-3584,2020-07-29
38534,Thomas Marques,thomassouza@example.net,81 3673-3080,2021-12-06
47599,Henry Porto,ana-juliamendes@example.com,+55 51 9290 8596,2020-03-05
15619,Mathias Duarte,amanda10@example.org,61 0420 4678,2020-07-01
25214,Gustavo Ferreira,azevedoclara@example.com,+55 84 7716-4441,2021-06-15
68327,Sra. Heloísa Nogueira,casa-grandelivia@example.com,41 8919-1641,2021-08-17
78857,Marcela Cassiano,duartepietra@example.org,(031) 0205 2081,2020-03-25
20163,Marcelo Moreira,enzo02@example.com,41 0865-8158,2022-06-03
51675,Dr. Vicente Lopes,cardosoapollo@example.org,(031) 3032 7624,2022-11-19
31565,Mariane Cirino,ksantos@example.org,+55 51 6188 4830,2021-11-26
45668,Gabrielly Santos,freitaspedro-henrique@example.com,0500 000 9013,2020-06-10
11264,Aurora Teixeira,moreiravinicius@example.org,0500-766-9981,2024-07-21
36195,Mateus Sampaio,wda-mata@example.org,+55 51 1903 0857,2021-10-19
41926,Srta. Lunna Barbosa,tguerra@example.org,41 3694-1295,2021-07-23
49937,Dom das Neves,ocarvalho@example.com,+55 (081) 2151-3074,2020-06-25
76921,Apollo Melo,juan69@example.net,+55 11 2837-2511,2023-03-30
66550,Sr. João Pedro Barbosa,diasbreno@example.com,0300-280-0389,2020-08-09
58101,Rael Peixoto,caroline56@example.com,11 8965 0202,2024-02-25
40376,Rhavi Freitas,cauada-rosa@example.com,(081) 4545 9527,2023-11-24
61624,Davi Barros,sofia47@example.com,+55 61 6304-9750,2022-09-02
27429,Maria Flor Moura,ana-julia05@example.net,(061) 2610-5984,2022-01-05
74528,Gael Câmara,pedro-miguelandrade@example.net,+55 (021) 4637 7021,2024-04-12
73403,Vitória Mendes,moraesantony@example.org,+55 41 2599 5936,2022-08-01
67388,Lucas Cassiano,zoealmeida@example.net,0800-833-1047,2021-01-25
88393,Maria Luiza Moura,allanada-conceicao@example.com,81 5062 7222,2024-08-10
26869,Miguel Rezende,lizsantos@example.net,+55 (071) 5401 8097,2022-06-05
50874,Dr. Henry Cirino,bella41@example.org,(081) 8509 4723,2021-01-08
61618,Sra. Alana Câmara,da-motahenry-gabriel@example.net,+55 (011) 0289-4594,2023-03-22
15683,Clarice da Paz,ana-julia17@example.org,+55 (071) 4040 6640,2022-12-04
85372,Luiz Felipe Azevedo,luiza48@example.net,41 8189-2009,2020-07-07
11421,Renan Guerra,pedro-miguel83@example.org,51 1453 5588,2021-04-13
65142,Fernando Nogueira,psiqueira@example.com,+55 (011) 1228-2206,2022-12-20
71314,Mathias Leão,britoraul@example.org,51 5549 0690,2021-04-15
23937,Nicole Montenegro,diego68@example.org,21 2319 1934,2022-06-22
39353,Raul Cavalcante,danielramos@example.com,71 3630 7823,2024-03-04
38920,Luan Rodrigues,bmontenegro@example.com,+55 71 7437 7696,2022-03-26
20585,Anna Liz Sá,gmoura@example.com,+55 41 6126-3941,2020-07-14
69102,Ana Liz Vasconcelos,maria-juliavasconcelos@example.net,+55 61 2659 0011,2020-03-24
89688,Miguel Leão,ada-cunha@example.org,41 7268 7696,2023-09-25
63262,Maria Alice Vargas,joao76@example.org,+55 81 3820 0595,2022-04-15
39473,Enzo Souza,cvasconcelos@example.net,0900-374-5887,2022-01-03
20997,Nicole Marques,pastorthiago@example.com,+55 71 8737-2354,2021-09-11
61048,Arthur Miguel Pimenta,beatrizmontenegro@example.org,0800 059 1349,2020-01-13
39613,Diego Dias,sduarte@example.com,0800 303 0241,2024-07-30
19964,Ana Beatriz Almeida,elisa39@example.com,(021) 1212-6202,2023-03-13
27570,Maria Luísa Garcia,agathaviana@example.net,+55 (061) 6841-4538,2023-01-12
92640,Eloah Nogueira,prios@example.org,+55 (011) 6384 7251,2020-01-14
72037,Gustavo Henrique Duarte,caroline52@example.org,51 6155 8759,2024-07-17
93871,Dra. Luana Moreira,npastor@example.net,51 3092 1152,2024-03-19
43875,Ana Luiza Camargo,santosyasmin@example.com,51 4786 4955,2020-12-14
19167,Ana Laura Camargo,maria-luisagomes@example.net,(041) 7974-3481,2024-10-11
95315,Caleb Guerra,dom06@example.net,+55 61 6428-8481,2020-02-09
31586,André Vieira,silvaana-vitoria@example.com,81 1233 0743,2020-04-06
64901,Antônio Peixoto,fernando31@example.com,+55 (031) 7818 5067,2023-07-01
80086,Pietro Santos,valentimnovais@example.org,0300-133-8665,2023-08-14
8277,Ana Vitória Barbosa,riosgiovanna@example.net,+55 71 8284-8618,2021-12-17
4633,Aylla Alves,ada-paz@example.org,+55 51 7408 8836,2022-06-06
90900,Sophie Caldeira,ncassiano@example.com,21 9389 4656,2023-09-01
92537,Léo Peixoto,icunha@example.org,(061) 7408 4751,2022-04-12
79394,Dra. Rebeca Teixeira,abreuana@example.com,+55 (011) 5134 2594,2020-06-22
9065,Vinícius Pastor,jmartins@example.com,+55 (021) 8925 0300,2022-04-11
91671,Arthur Caldeira,juliana63@example.net,81 8243 4406,2023-01-05
12739,Noah Vieira,pda-costa@example.org,0900-586-2057,2023-03-19
21126,Marcelo Ramos,ottovasconcelos@example.com,+55 31 5003-9549,2020-04-21
44397,Sr. Felipe Montenegro,orocha@example.com,+55 (084) 0372 6270,2021-12-01
12813,Marcelo Monteiro,acosta@example.com,(021) 7635-8413,2024-08-20
23905,Vinícius Mendes,dda-mata@example.net,(051) 8320-6255,2021-09-26
96476,Erick Fernandes,leaojoao-guilherme@example.net,+55 51 7139 5377,2024-07-23
66828,Yuri da Costa,biancada-mata@example.com,+55 71 1202-4145,2023-01-15
82399,Raquel Barros,olivia14@example.org,+55 71 1536 9428,2020-07-09
34895,Luana Fonseca,mda-cunha@example.com,(051) 3208 7256,2022-12-31
75294,Sara Silveira,carolina43@example.com,71 9320-8001,2021-10-10
26680,Sra. Maria Laura Peixoto,caroline46@example.net,+55 61 7728 5694,2020-07-27
10771,Ana Vitória da Mota,bcamargo@example.org,+55 (011) 5762 3440,2022-12-24
19999,Liam Araújo,aragaojose-pedro@example.com,21 1770 1905,2023-04-15
74702,Luísa Brito,leaojulia@example.org,+55 71 9447 4761,2022-04-13
58834,Ana Lívia Ferreira,joao-lucasalmeida@example.com,+55 61 1111 7645,2021-07-04
98723,Manuella Ferreira,isabelly69@example.net,0500-992-8097,2020-08-06
59562,Juan Siqueira,sofia35@example.net,+55 71 9178-4823,2023-06-05
38197,Kevin Jesus,maria-lauracampos@example.net,31 9065 5442,2021-10-06
23179,Sr. Augusto Cassiano,brayan20@example.net,(021) 8539 0089,2023-09-27
55889,Felipe Pacheco,da-pazfrancisco@example.net,+55 61 3947 2332,2023-04-16
9935,Gustavo Fogaça,sophia61@example.com,(011) 9502 5035,2024-06-18
43322,Ravy da Conceição,rvieira@example.com,+55 (021) 4560-6137,2023-06-27
31621,Clara Montenegro,xcastro@example.org,31 4220-0926,2024-09-07
56675,Dr. Mathias da Mata,moreirasara@example.com,0900-308-3831,2023-05-04
72929,Luiz Henrique Cirino,beatriz68@example.com,(071) 1607 6476,2020-04-21
55250,Anthony Nascimento,lucas-gabriel76@example.net,+55 61 5860 4039,2023-11-06
46663,Dr. Alexandre Cavalcante,ecostela@example.net,21 8163 5459,2020-11-26
95339,Hadassa Castro,voliveira@example.org,+55 (081) 6004-6244,2023-06-23
47129,Luana Rodrigues,cavalcantilara@example.org,+55 31 2133-3045,2023-07-19
18944,Dr. Thomas Gonçalves,alicemendes@example.com,+55 (041) 1232-9382,2024-01-15
69909,Dra. Melina Leão,sramos@example.net,+55 21 8969-7926,2020-05-15
54201,Arthur Miguel Cardoso,raquelporto@example.net,71 2982-0059,2020-04-08
62045,Lívia Duarte,oliverpereira@example.net,+55 61 3353-7664,2023-11-15
86974,Davi Miguel Rodrigues,martinsdavi-luiz@example.com,41 0535 0822,2021-03-29
91451,Laura Fernandes,da-conceicaoayla@example.org,21 3963 8837,2020-07-07
11358,Catarina Ramos,pietrarios@example.com,+55 (041) 0559-4465,2020-01-24
27654,Alana Moraes,maria-flor29@example.net,(051) 3368 1061,2021-05-09
38414,Caleb Nunes,maria-julia86@example.com,+55 (061) 6510-1383,2022-08-11
12765,Bento Pereira,martinsluan@example.org,+55 (061) 2953 8284,2021-07-13
77501,Emanuelly Santos,gael13@example.org,+55 11 3557-9856,2023-10-14
42379,Enrico Borges,heitor15@example.net,31 7835-7499,2021-01-13
69814,Renan Cunha,aparecidamelina@example.com,+55 (041) 8603-3167,2020-01-12
79188,Dra. Maria Alice Casa Grande,mendesmelissa@example.net,+55 84 6678 6045,2020-09-08
18573,Apollo Pimenta,asantos@example.org,+55 31 3715 3524,2024-10-15
21143,Dr. Arthur Miguel Melo,acarvalho@example.org,+55 51 3252 3186,2023-12-03
1141,Asafe Caldeira,souzarael@example.com,(011) 1173-1715,2020-12-04
66888,João Lucas Cavalcante,yagocostela@example.org,31 5422 1389,2022-09-14
69901,Lucca Sá,novaisjoao-guilherme@example.com,+55 (071) 9491-5065,2021-07-01
60335,Srta. Catarina Câmara,juan20@example.net,31 9430-7358,2023-10-24
6709,Mateus da Rocha,sda-rocha@example.net,+55 (081) 1108 6539,2023-05-22
62977,Alexandre Rios,maya63@example.net,+55 (041) 1930-4026,2021-07-13
80927,Sophia da Rocha,ian74@example.com,+55 (041) 5362 3826,2021-07-22
20173,Raul Nogueira,isaqueteixeira@example.com,+55 (084) 3708-9199,2023-06-20
4025,Dr. Anthony Dias,vicente99@example.org,11 2682-0022,2020-02-08
89859,Davi Lucca Rocha,vcassiano@example.com,0900 535 7703,2020-09-16
78921,Vitória Machado,thiagopeixoto@example.org,+55 (031) 9623-8377,2020-12-06
26856,Sr. Isaque Sá,novaesisabelly@example.org,0500-500-4031,2024-07-29
30511,José Andrade,gustavo-henrique71@example.com,21 9456-3430,2020-04-28
17651,Clarice da Mota,piresdavi-lucas@example.org,0500-817-1752,2023-07-27
30798,Maria Flor da Mata,danilo45@example.org,(081) 8522-8717,2021-10-05
40297,Ana Vitória da Cunha,cgoncalves@example.org,+55 (031) 8530-2054,2022-11-30
39811,Ayla Castro,stella37@example.net,(084) 8726 4666,2023-02-19
18401,Emanuella Ferreira,leo83@example.com,61 2307 8079,2022-07-24
54475,Benicio Melo,da-costacaio@example.com,+55 (041) 4986 4509,2023-10-21
39114,Bella Barros,da-rosaclarice@example.net,+55 (031) 2742-5910,2022-07-31
97363,Dra. Maria Liz Monteiro,melinasouza@example.org,0800 803 2585,2022-08-06
90285,Lorena Araújo,da-costalorenzo@example.com,+55 (071) 2028 8855,2020-05-19
21984,Isaque Carvalho,ryan14@example.net,0800-549-7312,2021-04-17
57952,Heloisa Fonseca,yda-luz@example.net,+55 71 6183-3810,2021-10-01
19233,Ísis Almeida,montenegroleonardo@example.com,+55 (081) 1644-0489,2021-03-27
4160,Emanuelly Peixoto,pastorjoao-pedro@example.org,(061) 9936-8676,2020-02-04
36537,Clara Viana,nunesoliver@example.com,+55 11 1252 1980,2020-04-17
91939,Joana Nunes,hda-rocha@example.net,+55 (081) 0260-5858,2020-12-21
50744,Srta. Cecília Abreu,crios@example.org,+55 (021) 8701 0328,2020-09-09
65192,Sr. Kevin Castro,sofia97@example.net,(041) 6283-3869,2023-12-27
47573,Lara Duarte,aliceribeiro@example.net,+55 51 9707 5965,2020-07-19
35932,Erick Sales,qsales@example.com,(041) 2771 0277,2024-07-19
66746,Sr. Augusto Camargo,alexandre27@example.com,51 4302 0475,2022-06-30
95664,Levi Ferreira,rcostela@example.org,+55 71 0757 9618,2022-01-24
22937,Sr. Mateus Moura,moreiraagatha@example.org,0300 110 7175,2021-12-21
15386,Dra. Sophie Garcia,cardosoeloa@example.net,(011) 7468-7841,2024-10-10
82065,Alana Peixoto,julia46@example.net,+55 (051) 6045 6798,2020-11-24
47802,Isabelly Fernandes,alananovaes@example.org,+55 (011) 8757 4994,2023-03-17
52496,Olivia Brito,jvasconcelos@example.net,+55 (031) 9643-7450,2022-07-08
32465,Ana Julia Fernandes,freitascaroline@example.net,+55 (031) 4458 2968,2022-01-05
34384,Sr. João Pedro Aragão,milena63@example.org,+55 (084) 2011-5552,2021-04-01
34577,Isaac Farias,antonyaraujo@example.org,71 9903-6721,2021-03-12
7910,Dr. Lucas Gabriel Ribeiro,mateusfernandes@example.net,+55 71 1483 8657,2022-12-23
63983,Aylla Vargas,oda-mota@example.com,+55 (071) 1798 1178,2020-12-03
69234,Dante Cirino,alexia18@example.net,0500-789-9084,2020-12-02
80428,Felipe Martins,sampaiovitoria@example.net,(084) 0705-5522,2020-04-18
61771,Aylla Albuquerque,henry-gabriel48@example.org,+55 21 0009-6497,2022-07-30
58129,Erick Farias,kpacheco@example.net,84 3128 6680,2022-08-31
74435,Isabelly Dias,monteirojoao@example.org,+55 (011) 7018-4759,2020-03-24
99109,Olivia Aragão,leaobrenda@example.net,+55 41 6263-4620,2024-09-19
857,Sra. Alexia Novais,leonardoduarte@example.org,(011) 9409 5377,2022-06-17
59040,Ágatha Fonseca,znunes@example.org,(011) 2253 6558,2020-05-06
23836,Ester Castro,josue14@example.net,71 6606-6254,2022-08-16
45733,Dr. Mathias da Mota,pimentasophie@example.org,0300 885 4213,2023-03-30
45890,Heloísa da Mota,samilena@example.net,+55 (011) 1026 3402,2023-01-23
46776,Esther Aparecida,garciaeloah@example.org,81 1610 3830,2023-05-19
21759,Raquel Silva,maria-sophia40@example.org,51 0691 7820,2020-07-23
37369,Sra. Lunna Caldeira,oliveiraisabel@example.net,84 2096-4835,2023-01-07
77118,Nathan Aparecida,upacheco@example.org,+55 61 7710 8887,2020-05-05
72326,Yan Garcia,gael-henrique76@example.org,+55 84 7187 6973,2021-06-18
14545,Srta. Julia Azevedo,marina78@example.org,+55 21 8589-6982,2020-07-13
1098,Elisa Nogueira,ana-carolina46@example.org,61 2755-6794,2022-10-08
89542,Ana Sophia Nascimento,joao-pedrobarros@example.com,(061) 9835 4079,2022-11-27
32595,Srta. Isis Macedo,marquesdavi-miguel@example.net,0800 035 9721,2022-04-15
24602,Yago Jesus,novaismelissa@example.org,(071) 0704 4359,2021-05-16
59825,Rafaela Peixoto,theodoro76@example.net,+55 41 6497 1532,2021-04-12
6452,Pedro Miguel Aparecida,aurora21@example.org,+55 (011) 0872 2986,2023-08-16
16399,Melina Siqueira,tlima@example.com,+55 (071) 1680 5963,2020-02-29
16263,Bella Peixoto,hrocha@example.com,+55 (051) 5862-8685,2023-07-25
93359,Bella Souza,pintopedro@example.net,+55 31 6218 2828,2023-02-26
37087,Julia Campos,maria-luisa74@example.com,+55 31 5917 0690,2022-02-28
66248,Luiz Gustavo Barbosa,marinanogueira@example.net,41 3620-1120,2021-10-08
91851,Sr. João Lucas Sousa,xnovais@example.org,61 0404 8922,2021-05-08
42660,Ana Júlia Araújo,maria-fernandada-cruz@example.net,(081) 2742 5452,2020-04-08
46902,Dr. Yuri Borges,wnovaes@example.net,+55 (031) 7874-8129,2021-03-19
95934,Srta. Mariane Rezende,rafael97@example.com,+55 84 8421 6474,2023-05-17
73924,Felipe Lima,flima@example.org,84 5703 0258,2023-12-05
9051,Sr. Liam Ribeiro,alexia89@example.org,+55 31 2120 8366,2021-04-23
87445,Diogo da Rosa,costabeatriz@example.org,+55 (011) 8852 1033,2024-03-07
35555,Bruno Barbosa,vasconcelosleo@example.com,61 3928-7093,2021-04-30
98302,Calebe Mendes,cleao@example.net,(041) 8645 9742,2020-07-16
34715,Dra. Alice Gonçalves,oliviamoraes@example.net,51 9566 4684,2023-06-06
56106,Daniela da Cunha,marcela73@example.com,+55 (031) 8799-1568,2024-09-03
40787,Luara Siqueira,ianpinto@example.org,(011) 8526-4020,2021-10-11
84187,Gael Camargo,leo39@example.net,(011) 9052 9116,2020-01-04
90204,Sabrina Viana,monteirovitor-gabriel@example.org,+55 (084) 7796 8266,2020-09-25
82469,Emanuella Silva,ravi80@example.org,+55 (051) 6067-3506,2023-07-04
28675,Camila Dias,heloisa20@example.org,84 0684 4568,2021-03-02
21731,Thiago da Costa,omendonca@example.org,0800-243-9698,2022-08-30
6904,Manuela Fonseca,cunhanoah@example.org,61 0122 9470,2021-08-09
20545,Antônio Sá,leonardo12@example.com,+55 41 1319 0740,2020-05-06
74194,Olívia Almeida,daniela14@example.net,+55 (051) 3965-6561,2022-10-28
29025,Giovanna Melo,juangomes@example.net,41 3798-5943,2021-01-13
58310,Maria Laura Novais,maria-eduarda33@example.org,(061) 1338 6581,2021-12-25
59232,Dra. Alice Nogueira,fernandesyuri@example.com,+55 (041) 3983 3904,2020-11-20
12455,Arthur Miguel Teixeira,davi-miguelcamara@example.net,+55 (021) 7856-0916,2023-06-02
20613,Srta. Lorena Cavalcante,costelalucas@example.net,+55 61 3533-4613,2023-07-31
17257,Lucca Abreu,samuel02@example.org,+55 (084) 5978 8353,2024-06-15
92809,Isaac Carvalho,da-cruzcalebe@example.com,+55 71 3745 6146,2021-12-20
3779,Ísis Costela,benicio91@example.com,0900-952-0826,2024-05-15
90094,Sr. Ian Santos,wlopes@example.com,0900 055 0536,2020-03-02
11152,Noah Vargas,fogacaclara@example.org,(061) 7401 2715,2021-10-03
74708,Valentim Pimenta,nguerra@example.net,+55 51 8685 2333,2021-01-22
64966,Olivia Costa,mariane62@example.net,21 3107 3813,2020-12-17
85033,Anthony Guerra,cmendes@example.org,51 2426 6335,2023-08-27
70197,Carlos Eduardo Moura,gael-henriqueviana@example.net,0300-707-5468,2022-05-26
77818,Ravy Rodrigues,lizcamara@example.com,+55 (031) 9106 1223,2020-06-20
28054,Dra. Catarina Nunes,joao-felipe75@example.com,71 3788-6341,2022-12-29
37704,Sra. Maria Sophia Freitas,vitor-hugobrito@example.net,+55 81 7674 9887,2022-12-24
14350,Srta. Maria Luísa Pereira,maria-luizabrito@example.org,31 6185-8292,2022-02-01
40901,Ana Julia Carvalho,valentinabarros@example.com,+55 51 3363 1992,2023-02-08
10967,Julia Peixoto,maria-liz79@example.net,+55 11 6232-9417,2021-04-01
53329,Gabrielly Cavalcante,albuquerqueguilherme@example.org,31 8114 3522,2023-04-06
99125,João Felipe Jesus,moraesandre@example.com,+55 (041) 0286-1653,2021-02-17
26522,Ana Beatriz da Cruz,manuelaramos@example.com,(041) 0900-0617,2023-08-05
25252,Vicente Souza,wbarbosa@example.org,+55 81 2130-2704,2021-10-23
10479,Sophia Fernandes,moreiraeloah@example.com,0900-989-6628,2024-09-11
39340,Yuri Rocha,novaisandre@example.org,(061) 3433-5182,2021-02-15
29707,Isabelly Pacheco,pnogueira@example.org,84 8308-4963,2022-01-15
62123,Brenda Vieira,miguelmarques@example.com,71 9965-0570,2023-03-24
48380,Sra. Bruna Barbosa,mda-mata@example.org,+55 84 3123-7061,2023-01-23
84277,Thales Viana,wporto@example.net,+55 51 5122 4460,2021-04-28
53795,Ryan Silva,maria-helenacavalcanti@example.org,(071) 2817-4625,2023-05-14
74907,Arthur Gabriel Santos,xlima@example.net,(021) 9312-6835,2024-04-23
51267,Theo Cardoso,mariahribeiro@example.org,+55 71 9378-4543,2020-02-06
84388,Ana Lívia Guerra,sofialeao@example.com,(084) 3515-1772,2023-01-26
48725,Henry Borges,leandromelo@example.com,+55 (071) 9129 6645,2023-08-14
19911,Caroline Silva,jose-pedrorios@example.net,(051) 1231-6057,2021-08-10
27085,Isaac Melo,kevinsantos@example.org,+55 (081) 7705 8946,2022-03-14
25901,Davi Miguel Cavalcante,raquel18@example.com,11 7167-8893,2021-06-05
92851,Davi Miguel Araújo,manuellanovaes@example.com,71 6106 7662,2021-12-17
66616,Guilherme da Rocha,eduardo80@example.org,+55 (061) 3645-2305,2023-11-12
1154,Cauê Jesus,pcamargo@example.com,11 9498-5435,2022-05-22
80187,Srta. Liz Silva,olivia14@example.com,+55 71 2223-8904,2020-02-28
92103,Bruno Aparecida,duartemathias@example.net,+55 51 6329 5921,2023-10-13
53979,Srta. Maysa Rocha,olivianunes@example.com,0900 163 1263,2023-08-20
43701,Leandro Cassiano,agathacamargo@example.net,61 5063-3383,2022-10-19
57583,Gael Peixoto,ana-clara94@example.com,61 3542 2104,2020-09-14
53344,Ana Lívia Correia,gustavo-henriqueferreira@example.org,61 0978 3881,2023-02-02
87861,Sr. Rafael Casa Grande,zmacedo@example.net,11 8042 9027,2024-07-04
11975,Antony Garcia,maria-sophiacarvalho@example.com,+55 31 6523 6492,2022-08-30
58113,Larissa Moraes,sabrinafarias@example.net,+55 (081) 8158 4653,2024-03-06
64019,Sarah Campos,siqueiramatheus@example.com,(041) 9867-8816,2020-01-11
88968,Rafael Novais,bentoalmeida@example.com,(081) 3667 8881,2022-06-29
80628,Samuel Cirino,lauracostela@example.com,+55 71 7364-4043,2022-04-15
76433,Sra. Julia Abreu,ppires@example.com,+55 (021) 0028 7615,2022-02-05
34415,Eduardo Pinto,pedro-miguel77@example.net,+55 31 9992 9202,2021-10-18
42234,Isaac Cardoso,guilherme31@example.com,+55 31 6111-0473,2020-11-08
49038,Elisa da Cruz,santosheitor@example.org,+55 (051) 5938 6179,2024-06-25
15610,Dra. Catarina Ribeiro,oliver11@example.net,+55 11 7942-3015,2023-05-22
79735,Marcela Caldeira,enzo23@example.net,+55 (081) 3284-2591,2023-11-23
97957,Maria Helena Siqueira,ymacedo@example.org,71 3789-0898,2021-03-29
48224,Vinicius Monteiro,qalmeida@example.com,+55 (081) 9723 4616,2021-10-11
27348,Caroline Viana,marianeferreira@example.net,84 3283-0569,2023-04-09
79078,Pietro Alves,gabrielacosta@example.net,0300-759-2022,2021-11-05
49145,Ana Cecília Pires,saleslais@example.com,81 1653 3325,2021-10-27
35867,Allana Farias,zbrito@example.org,71 1863-5977,2024-07-30
14679,Sr. Rodrigo Brito,duarteantonio@example.org,+55 (061) 5219-3428,2022-02-25
23463,Mariane Monteiro,mendoncaolivia@example.net,(084) 7913-9135,2024-05-11
32280,Alícia Duarte,maria-luizada-mata@example.com,71 0094-3556,2021-02-23
34070,Cauã Abreu,souzamaria-clara@example.net,+55 (081) 0915-3196,2020-09-30
70864,Pedro Lucas Silva,brenda79@example.net,(071) 9147-1967,2023-06-04
52981,Dr. Joaquim da Rosa,isales@example.com,+55 (021) 4183 4365,2021-07-20
